Sexe;Diplome
Masculin;Licence
Masculin;Licence
Masculin;Licence
Féminin;Maîtrise
Masculin;Licence
Masculin;Doctorat
Masculin;Licence
Masculin;Maîtrise
Masculin;Licence
Masculin;Licence
Masculin;Licence
Féminin;Licence
Masculin;Licence
Masculin;Maîtrise
Féminin;Licence
Masculin;Licence
Masculin;Licence
Féminin;Licence
Masculin;Licence
Masculin;Licence
Féminin;Licence
Masculin;Licence
Masculin;Maîtrise
Masculin;Licence
Féminin;Licence
Féminin;Doctorat
Masculin;Licence
Féminin;Licence
Féminin;Licence
Féminin;Licence
Masculin;Licence
Masculin;Licence
Féminin;Licence
Masculin;Licence
Masculin;Maîtrise
Masculin;Licence
Féminin;Licence
Masculin;Licence
Masculin;Doctorat
Féminin;Licence
Masculin;Licence
Féminin;Licence
Féminin;Licence
Masculin;Licence
Féminin;Maîtrise
Féminin;Licence
Féminin;Licence
Féminin;Licence
Masculin;Licence
Féminin;Licence
Féminin;Maîtrise
Féminin;Licence
Masculin;Licence
Féminin;Licence
Masculin;Licence
Féminin;Licence
Masculin;Licence
Féminin;Licence
Féminin;Licence
Masculin;Licence
Masculin;Maîtrise
Masculin;Licence
Masculin;Maîtrise
Féminin;Licence
Masculin;Licence
Masculin;Licence
Masculin;Licence
Masculin;Licence
Masculin;Licence
Féminin;Licence
Masculin;Licence
Féminin;Licence
Masculin;Maîtrise
Féminin;Licence
Masculin;Licence
Féminin;Maîtrise
Féminin;Licence
Masculin;Licence
Féminin;Licence
Masculin;Licence
Féminin;Maîtrise
Masculin;Licence
Féminin;Licence
Masculin;Licence
Masculin;Licence
Féminin;Licence
Masculin;Licence
Masculin;Licence
Féminin;Licence
Masculin;Maîtrise
Masculin;Maîtrise
Féminin;Licence
Féminin;Maîtrise
Féminin;Licence
Masculin;Maîtrise
Féminin;Licence
Masculin;Licence
Féminin;Licence
Féminin;Licence
Masculin;Maîtrise
Féminin;Maîtrise
Masculin;Maîtrise
Féminin;Licence
Féminin;Licence
Féminin;Licence
Féminin;Maîtrise
Féminin;Doctorat
Masculin;Doctorat
Masculin;Licence
Féminin;Licence
Féminin;Licence
Féminin;Licence
Féminin;Maîtrise
Féminin;Maîtrise
Féminin;Licence
Masculin;Licence
Féminin;Maîtrise
Masculin;Licence
Féminin;Licence
Féminin;Licence
Féminin;Licence
Féminin;Licence
Féminin;Licence
Masculin;Licence
Féminin;Licence
Masculin;Licence
Féminin;Licence
Féminin;Licence
Masculin;Licence
Masculin;Licence
Masculin;Licence
Masculin;Maîtrise
Masculin;Licence
Masculin;Licence
Féminin;Licence
Masculin;Licence
Masculin;Licence
Féminin;Licence
Féminin;Licence
Masculin;Licence
Masculin;Licence
Féminin;Licence
Féminin;Licence
Masculin;Licence
Masculin;Licence
Féminin;Maîtrise
Féminin;Licence
Féminin;Licence
Masculin;Licence
Féminin;Maîtrise
Masculin;Licence
Féminin;Maîtrise
Masculin;Licence
Masculin;Licence
Masculin;Licence
Masculin;Licence
Féminin;Licence
Masculin;Licence
Féminin;Licence
Masculin;Maîtrise
Féminin;Maîtrise
Masculin;Licence
Masculin;Licence
Féminin;Licence
Masculin;Licence
Masculin;Maîtrise
Masculin;Licence
Féminin;Licence
Féminin;Maîtrise
Féminin;Licence
Féminin;Licence
Féminin;Doctorat
Féminin;Licence
Féminin;Licence
Masculin;Maîtrise
Masculin;Licence
Féminin;Maîtrise
Masculin;Licence
Masculin;Licence
Féminin;Licence
Masculin;Licence
Masculin;Licence
Masculin;Licence
Féminin;Licence
Féminin;Licence
Masculin;Licence
Féminin;Licence
Féminin;Licence
Féminin;Licence
Masculin;Maîtrise
Masculin;Maîtrise
Masculin;Licence
Féminin;Licence
Masculin;Doctorat
Féminin;Licence
Féminin;Licence
Féminin;Licence
Masculin;Licence
Masculin;Licence
Masculin;Licence
Masculin;Maîtrise
Masculin;Licence
Féminin;Licence
Masculin;Licence
Masculin;Maîtrise
Masculin;Maîtrise
Féminin;Licence
Masculin;Maîtrise
Masculin;Licence
Féminin;Licence
Masculin;Maîtrise
Masculin;Maîtrise
Féminin;Licence
Féminin;Licence
Masculin;Licence
Féminin;Licence
Féminin;Maîtrise
Féminin;Licence
Masculin;Licence
Masculin;Licence
Masculin;Licence
Féminin;Maîtrise
Masculin;Licence
Masculin;Maîtrise
Masculin;Licence
Féminin;Licence
Féminin;Licence
Masculin;Licence
Masculin;Maîtrise
Masculin;Licence
Féminin;Licence
Féminin;Licence
Masculin;Licence
Masculin;Licence
Masculin;Maîtrise
Féminin;Licence
Masculin;Doctorat
Féminin;Licence
Masculin;Licence
Masculin;Licence
Féminin;Licence
Masculin;Licence
Masculin;Licence
Féminin;Maîtrise
Féminin;Licence
Féminin;Licence
Féminin;Licence
Féminin;Licence
Masculin;Maîtrise
Masculin;Licence
Masculin;Licence
Masculin;Licence
Féminin;Licence
Masculin;Licence
Masculin;Doctorat
Féminin;Maîtrise
Masculin;Maîtrise
Masculin;Maîtrise
Féminin;Licence
Masculin;Licence
Masculin;Licence
Féminin;Licence
Masculin;Licence
Féminin;Licence
Masculin;Licence
Masculin;Licence
Féminin;Licence
Masculin;Licence
Masculin;Licence
Féminin;Licence
Masculin;Maîtrise
Masculin;Licence
Féminin;Licence
Masculin;Licence
Masculin;Maîtrise
Masculin;Licence
Féminin;Licence
Masculin;Licence
Féminin;Licence
Masculin;Licence
Masculin;Licence
Masculin;Maîtrise
Féminin;Licence
Féminin;Licence
Masculin;Licence
Féminin;Licence
Masculin;Licence
Féminin;Licence
Féminin;Maîtrise
Féminin;Licence
Masculin;Licence
Masculin;Licence
Masculin;Licence
Masculin;Licence
Féminin;Licence
Masculin;Licence
Masculin;Licence
Féminin;Licence
Féminin;Licence
Masculin;Licence
Masculin;Licence
Masculin;Doctorat
Féminin;Maîtrise
Masculin;Licence
Masculin;Maîtrise
Féminin;Maîtrise
Masculin;Licence
Masculin;Maîtrise
Masculin;Licence
Masculin;Licence
Masculin;Licence
Masculin;Maîtrise
Féminin;Maîtrise
Masculin;Licence
Féminin;Licence
Masculin;Maîtrise
Féminin;Licence
Féminin;Licence
Masculin;Licence
Masculin;Licence
Féminin;Maîtrise
Masculin;Maîtrise
Féminin;Licence
Masculin;Licence
Féminin;Maîtrise
Féminin;Licence
Masculin;Licence
Masculin;Licence
Féminin;Licence
Masculin;Licence
Masculin;Licence
Féminin;Licence
Féminin;Licence
Masculin;Licence
Masculin;Licence
Masculin;Licence
Masculin;Licence
Masculin;Licence
Féminin;Licence
Féminin;Licence
Masculin;Licence
Masculin;Licence
Féminin;Licence
Féminin;Licence
Féminin;Licence
Féminin;Licence
Féminin;Licence
Féminin;Licence
Masculin;Licence
Féminin;Maîtrise
Féminin;Licence
Masculin;Maîtrise
Féminin;Licence
Masculin;Licence
Féminin;Licence
Masculin;Licence
Féminin;Licence
Féminin;Licence
Masculin;Licence
Féminin;Licence
Féminin;Licence
Féminin;Licence
Féminin;Licence
Féminin;Licence
Masculin;Licence
Féminin;Licence
Masculin;Maîtrise
Masculin;Licence
Féminin;Licence
Féminin;Licence
Masculin;Licence
Masculin;Licence
Féminin;Licence
Féminin;Licence
Féminin;Licence
Masculin;Licence
Féminin;Licence
Masculin;Licence
Masculin;Maîtrise
Masculin;Licence
Masculin;Maîtrise
Féminin;Maîtrise
Masculin;Licence
Masculin;Licence
Féminin;Licence
Féminin;Licence
Masculin;Licence
Masculin;Doctorat
Masculin;Licence
Féminin;Licence
Féminin;Licence
Féminin;Licence
Féminin;Licence
Masculin;Licence
Féminin;Licence
Masculin;Licence
Masculin;Licence
Féminin;Licence
Masculin;Licence
Masculin;Licence
Féminin;Licence
Féminin;Licence
Masculin;Maîtrise
Masculin;Licence
Masculin;Licence
Masculin;Licence
Féminin;Maîtrise
Féminin;Licence
Masculin;Licence
Féminin;Maîtrise
Féminin;Licence
Féminin;Licence
Féminin;Licence
Féminin;Maîtrise
Féminin;Maîtrise
Féminin;Licence
Masculin;Maîtrise
Féminin;Licence
Masculin;Licence
Féminin;Licence
Féminin;Licence
Masculin;Maîtrise
Masculin;Licence
Masculin;Maîtrise
Masculin;Maîtrise
Masculin;Maîtrise
Féminin;Licence
Féminin;Maîtrise
Masculin;Licence
Féminin;Licence
Masculin;Licence
Masculin;Licence
Féminin;Licence
Masculin;Licence
Féminin;Licence
Masculin;Licence
Féminin;Licence
Féminin;Maîtrise
Féminin;Licence
Masculin;Licence
Féminin;Licence
Féminin;Maîtrise
Féminin;Licence
Masculin;Licence
Masculin;Licence
Masculin;Maîtrise
Masculin;Licence
Masculin;Licence
Féminin;Licence
Masculin;Licence
Masculin;Licence
Féminin;Licence
Féminin;Licence
Féminin;Licence
Féminin;Maîtrise
Masculin;Licence
Féminin;Licence
Féminin;Maîtrise
Féminin;Licence
Féminin;Licence
Féminin;Licence
Féminin;Licence
Masculin;Licence
Féminin;Maîtrise
Féminin;Licence
Féminin;Licence
Masculin;Maîtrise
Masculin;Licence
Masculin;Licence
Féminin;Licence
Féminin;Licence
Féminin;Maîtrise
Masculin;Licence
Féminin;Licence
Masculin;Licence
Féminin;Licence
Masculin;Licence
Masculin;Licence
Féminin;Licence
Féminin;Licence
Masculin;Licence
Féminin;Licence
Masculin;Licence
Masculin;Doctorat
Masculin;Licence
Masculin;Licence
Masculin;Maîtrise
Féminin;Licence
Féminin;Maîtrise
Féminin;Licence
Masculin;Maîtrise
Masculin;Doctorat
Féminin;Licence
Masculin;Maîtrise
Masculin;Maîtrise
Féminin;Licence
Féminin;Maîtrise
Masculin;Maîtrise
Masculin;Licence
Féminin;Licence
Masculin;Licence
Féminin;Maîtrise
Masculin;Doctorat
Masculin;Licence
Féminin;Licence
Féminin;Licence
Féminin;Licence
Féminin;Licence
Masculin;Licence
Masculin;Licence
Féminin;Maîtrise
Féminin;Maîtrise
Féminin;Licence
Masculin;Maîtrise
Masculin;Licence
Féminin;Licence
Masculin;Licence
Féminin;Licence
Masculin;Licence
Féminin;Licence
Masculin;Licence
Masculin;Licence
Féminin;Licence
Masculin;Maîtrise
Masculin;Maîtrise
Féminin;Licence
Féminin;Licence
Féminin;Licence
Féminin;Licence
Masculin;Licence
Masculin;Licence
Féminin;Licence
Féminin;Licence
Féminin;Maîtrise
Féminin;Maîtrise
Féminin;Licence
Masculin;Licence
Féminin;Licence
Féminin;Licence
Masculin;Maîtrise
Masculin;Maîtrise
Masculin;Licence
Féminin;Licence
Masculin;Licence
Masculin;Licence
Féminin;Maîtrise
Féminin;Maîtrise
Féminin;Maîtrise
Masculin;Licence
Masculin;Licence
Masculin;Licence
Masculin;Licence
Masculin;Maîtrise
Féminin;Licence
Masculin;Licence
Masculin;Licence
Masculin;Licence
Masculin;Licence
Masculin;Licence
Masculin;Maîtrise
Féminin;Licence
Féminin;Maîtrise
Masculin;Maîtrise
Masculin;Maîtrise
Féminin;Licence
Masculin;Maîtrise
Féminin;Licence
Féminin;Maîtrise
Masculin;Licence
Masculin;Licence
Masculin;Licence
Masculin;Licence
Masculin;Licence
Masculin;Licence
Masculin;Licence
Féminin;Licence
Féminin;Licence
Féminin;Licence
Féminin;Licence
Masculin;Licence
Féminin;Licence
Féminin;Licence
Féminin;Maîtrise
Féminin;Maîtrise
Masculin;Doctorat
Féminin;Licence
Féminin;Licence
Féminin;Licence
Masculin;Licence
Féminin;Licence
Féminin;Licence
Masculin;Licence
Masculin;Maîtrise
Masculin;Licence
Féminin;Licence
Féminin;Licence
Masculin;Licence
Masculin;Licence
Féminin;Licence
Masculin;Licence
Féminin;Maîtrise
Féminin;Licence
Féminin;Licence
Masculin;Licence
Féminin;Licence
Féminin;Licence
Féminin;Licence
Féminin;Licence
Féminin;Maîtrise
Féminin;Licence
Masculin;Licence
Masculin;Maîtrise
Féminin;Maîtrise
Féminin;Licence
Masculin;Licence
Masculin;Licence
Masculin;Licence
Masculin;Licence
Féminin;Maîtrise
Féminin;Maîtrise
Masculin;Licence
Féminin;Licence
Féminin;Licence
Féminin;Licence
Masculin;Licence
Masculin;Maîtrise
Masculin;Maîtrise
Masculin;Maîtrise
Masculin;Maîtrise
Féminin;Licence
Féminin;Maîtrise
Féminin;Licence
Masculin;Licence
Masculin;Licence
Féminin;Licence
Féminin;Maîtrise
Féminin;Licence
Féminin;Licence
Masculin;Maîtrise
Féminin;Licence
Féminin;Licence
Féminin;Maîtrise
Féminin;Licence
Féminin;Maîtrise
Féminin;Licence
Masculin;Licence
Féminin;Licence
Féminin;Licence
Féminin;Licence
Féminin;Licence
Féminin;Licence
Féminin;Licence
Féminin;Licence
Féminin;Licence
Masculin;Licence
Masculin;Licence
Masculin;Maîtrise
Féminin;Licence
Masculin;Maîtrise
Féminin;Maîtrise
Féminin;Licence
Féminin;Licence
Féminin;Licence
Masculin;Licence
Masculin;Licence
Masculin;Maîtrise
Féminin;Licence
Féminin;Licence
Masculin;Licence
Féminin;Licence
Masculin;Licence
Masculin;Maîtrise
Masculin;Licence
Masculin;Licence
Masculin;Maîtrise
Masculin;Licence
Féminin;Licence
Féminin;Licence
Masculin;Maîtrise
Masculin;Licence
Féminin;Maîtrise
Féminin;Maîtrise
Féminin;Licence
Féminin;Maîtrise
Féminin;Maîtrise
Féminin;Maîtrise
Féminin;Licence
Féminin;Licence
Féminin;Licence
Féminin;Licence
Masculin;Licence
Féminin;Licence
Féminin;Licence
Féminin;Maîtrise
Masculin;Maîtrise
Masculin;Licence
Masculin;Licence
Féminin;Maîtrise
Féminin;Licence
Masculin;Licence
Masculin;Licence
Féminin;Licence
Féminin;Maîtrise
Masculin;Licence
Féminin;Licence
Masculin;Licence
Féminin;Licence
Masculin;Licence
Masculin;Licence
Masculin;Licence
Masculin;Licence
Masculin;Licence
Féminin;Doctorat
Masculin;Maîtrise
Masculin;Licence
Féminin;Licence
Masculin;Licence
Féminin;Licence
Masculin;Licence
Féminin;Licence
Masculin;Maîtrise
Féminin;Licence
Masculin;Licence
Masculin;Licence
Féminin;Licence
Féminin;Licence
Masculin;Licence
Masculin;Licence
Masculin;Licence
Masculin;Licence
Féminin;Maîtrise
Féminin;Licence
Féminin;Licence
Masculin;Licence
Masculin;Licence
Féminin;Licence
Masculin;Maîtrise
Féminin;Licence
Féminin;Licence
Féminin;Licence
Féminin;Licence
Féminin;Licence
Féminin;Licence
Masculin;Doctorat
Féminin;Maîtrise
Féminin;Licence
Masculin;Licence
Masculin;Licence
Masculin;Licence
Masculin;Licence
Masculin;Licence
Masculin;Licence
Féminin;Licence
Masculin;Licence
Masculin;Licence
Masculin;Licence
Masculin;Licence
Féminin;Maîtrise
Masculin;Licence
Masculin;Licence
Féminin;Maîtrise
Féminin;Maîtrise
Féminin;Licence
Masculin;Licence
Masculin;Licence
Féminin;Licence
Féminin;Licence
Masculin;Licence
Masculin;Maîtrise
Féminin;Licence
Féminin;Licence
Féminin;Licence
Masculin;Licence
Féminin;Maîtrise
Masculin;Licence
Masculin;Licence
Féminin;Licence
Féminin;Licence
Féminin;Licence
Masculin;Licence
Féminin;Maîtrise
Féminin;Licence
Masculin;Maîtrise
Masculin;Licence
Masculin;Licence
Féminin;Licence
Féminin;Licence
Féminin;Maîtrise
Masculin;Licence
Masculin;Licence
Masculin;Maîtrise
Féminin;Licence
Masculin;Licence
Féminin;Maîtrise
Masculin;Licence
Féminin;Licence
Masculin;Licence
Féminin;Maîtrise
Féminin;Licence
Masculin;Licence
Masculin;Licence
Féminin;Maîtrise
Féminin;Licence
Masculin;Licence
Féminin;Licence
Masculin;Licence
Féminin;Maîtrise
Féminin;Maîtrise
Féminin;Licence
Masculin;Licence
Féminin;Licence
Masculin;Licence
Féminin;Maîtrise
Féminin;Maîtrise
Féminin;Licence
Masculin;Maîtrise
Féminin;Maîtrise
Féminin;Maîtrise
Masculin;Licence
Masculin;Licence
Masculin;Licence
Féminin;Licence
Masculin;Licence
Féminin;Licence
Masculin;Licence
Masculin;Licence
Féminin;Licence
Féminin;Licence
Masculin;Licence
Féminin;Licence
Masculin;Licence
Féminin;Maîtrise
Masculin;Maîtrise
Féminin;Licence
Masculin;Licence
Féminin;Licence
Masculin;Doctorat
Masculin;Licence
Féminin;Licence
Masculin;Maîtrise
Féminin;Licence
Masculin;Licence
Féminin;Licence
Masculin;Licence
Féminin;Maîtrise
Féminin;Licence
Masculin;Licence
Féminin;Licence
Masculin;Licence
Féminin;Licence
Féminin;Licence
Féminin;Licence
Féminin;Licence
Masculin;Maîtrise
Féminin;Maîtrise
Masculin;Licence
Féminin;Maîtrise
Féminin;Licence
Masculin;Licence
Féminin;Maîtrise
Masculin;Licence
Masculin;Licence
Féminin;Licence
Masculin;Licence
Masculin;Doctorat
Masculin;Licence
Masculin;Licence
Féminin;Licence
Féminin;Licence
Féminin;Licence
Masculin;Licence
Masculin;Maîtrise
Féminin;Licence
Féminin;Maîtrise
Féminin;Licence
Masculin;Licence
Féminin;Licence
Masculin;Licence
Féminin;Maîtrise
Masculin;Maîtrise
Masculin;Maîtrise
Féminin;Licence
Féminin;Licence
Féminin;Doctorat
Féminin;Licence
Féminin;Licence
Féminin;Licence
Féminin;Licence
Masculin;Licence
Masculin;Maîtrise
Masculin;Licence
Féminin;Licence
Féminin;Licence
Féminin;Licence
Masculin;Licence
Masculin;Maîtrise
Féminin;Licence
Féminin;Licence
Féminin;Licence
Masculin;Maîtrise
Féminin;Licence
Masculin;Licence
Masculin;Licence
Masculin;Maîtrise
Féminin;Maîtrise
Masculin;Licence
Féminin;Licence
Féminin;Licence
Féminin;Licence
Féminin;Doctorat
Masculin;Maîtrise
Féminin;Maîtrise
Féminin;Licence
Féminin;Licence
Féminin;Licence
Masculin;Licence
Masculin;Licence
Féminin;Licence
Féminin;Maîtrise
Féminin;Licence
Masculin;Maîtrise
Masculin;Licence
Masculin;Licence
Féminin;Licence
Masculin;Licence
Féminin;Licence
Féminin;Licence
Masculin;Licence
Masculin;Licence
Féminin;Maîtrise
Masculin;Maîtrise
Masculin;Doctorat
Masculin;Licence
Masculin;Maîtrise
Féminin;Licence
Masculin;Licence
Féminin;Licence
Masculin;Maîtrise
Masculin;Licence
Masculin;Licence
Masculin;Licence
Masculin;Licence
Féminin;Licence
Féminin;Licence
Masculin;Licence
Masculin;Licence
Masculin;Licence
Féminin;Licence
Féminin;Licence
Masculin;Licence
Masculin;Licence
Féminin;Licence
Féminin;Licence
Masculin;Maîtrise
Féminin;Licence
Féminin;Licence
Féminin;Licence
Féminin;Licence
Féminin;Maîtrise
Masculin;Maîtrise
Masculin;Licence
Masculin;Licence
Masculin;Licence
Féminin;Licence
Masculin;Licence
Masculin;Maîtrise
Masculin;Licence
Féminin;Licence
Féminin;Licence
Féminin;Licence
Masculin;Licence
Féminin;Licence
Féminin;Maîtrise
Féminin;Maîtrise
Masculin;Licence
Féminin;Maîtrise
Féminin;Licence
Masculin;Licence
Masculin;Licence
Masculin;Licence
Masculin;Licence
Masculin;Maîtrise
Masculin;Licence
Masculin;Licence
Masculin;Licence
Masculin;Licence
Féminin;Licence
Féminin;Licence
Masculin;Licence
Masculin;Licence
Masculin;Maîtrise
Masculin;Licence
Féminin;Maîtrise
Féminin;Licence
Masculin;Licence
Féminin;Licence
Masculin;Licence
Masculin;Maîtrise
Masculin;Maîtrise
Masculin;Licence
Masculin;Licence
Masculin;Licence
Masculin;Licence
Masculin;Licence
Féminin;Maîtrise
Masculin;Maîtrise
Masculin;Licence
Masculin;Maîtrise
Féminin;Licence
Féminin;Licence
Féminin;Licence
Féminin;Licence
Masculin;Licence
Féminin;Licence
Féminin;Maîtrise
Masculin;Licence
Féminin;Licence
Masculin;Licence
Féminin;Licence
Féminin;Licence
Féminin;Licence
Féminin;Licence
Masculin;Licence
Masculin;Licence
Masculin;Licence
Masculin;Maîtrise
Féminin;Licence
Masculin;Licence
Féminin;Licence
Féminin;Maîtrise
Masculin;Licence
Féminin;Doctorat
Masculin;Maîtrise
Masculin;Licence
Masculin;Licence
Féminin;Licence
Masculin;Licence
Féminin;Licence
Féminin;Licence
Masculin;Licence
Masculin;Licence
Féminin;Licence
Féminin;Maîtrise
Masculin;Maîtrise
Féminin;Licence
Féminin;Licence
Féminin;Licence
Masculin;Licence
Masculin;Licence
Féminin;Maîtrise
Féminin;Licence
Masculin;Licence
Féminin;Maîtrise
Féminin;Licence
Masculin;Licence
Féminin;Maîtrise
Masculin;Licence
Masculin;Licence
Féminin;Licence
Féminin;Licence
Féminin;Maîtrise
Féminin;Licence
Masculin;Licence
Masculin;Doctorat
Féminin;Licence
Masculin;Maîtrise
Féminin;Licence
Masculin;Licence
Féminin;Maîtrise
Féminin;Licence
Féminin;Licence
Féminin;Licence
Masculin;Maîtrise
Masculin;Maîtrise
Masculin;Licence
Masculin;Licence
Masculin;Licence
Masculin;Licence
Féminin;Maîtrise
Féminin;Maîtrise
Masculin;Licence
Féminin;Maîtrise
Féminin;Licence
Masculin;Licence
Féminin;Maîtrise
Masculin;Licence
Masculin;Licence
Masculin;Doctorat
Féminin;Licence
Masculin;Licence
Masculin;Licence
Féminin;Licence
Féminin;Licence
Féminin;Licence
Masculin;Licence
Masculin;Doctorat
Masculin;Licence
Masculin;Licence
Féminin;Maîtrise
Féminin;Licence
Masculin;Maîtrise
Masculin;Licence
Masculin;Licence
Féminin;Licence
Féminin;Licence
Masculin;Licence
Féminin;Doctorat
Masculin;Licence
Masculin;Licence
Féminin;Licence
Masculin;Maîtrise
Féminin;Maîtrise
Masculin;Licence
Masculin;Licence
Féminin;Licence
Masculin;Maîtrise
Masculin;Licence
Féminin;Licence
Masculin;Licence
Féminin;Licence
Féminin;Licence
Féminin;Licence
Masculin;Licence
Féminin;Licence
Masculin;Licence
Féminin;Licence
Masculin;Licence
Féminin;Licence
Masculin;Maîtrise
Féminin;Licence
Féminin;Licence
Masculin;Licence
Féminin;Licence
Féminin;Licence
Féminin;Licence
Féminin;Licence
Féminin;Licence
Masculin;Licence
Masculin;Licence
Féminin;Licence
Féminin;Licence
Féminin;Maîtrise
Masculin;Licence
Masculin;Licence
Masculin;Licence
Féminin;Licence
Féminin;Licence
Féminin;Maîtrise
Masculin;Licence
Masculin;Licence
Masculin;Licence
Féminin;Maîtrise
Masculin;Licence
Féminin;Licence
Masculin;Licence
Masculin;Licence
Féminin;Licence
Masculin;Licence
Féminin;Maîtrise
Masculin;Maîtrise
Féminin;Licence
Féminin;Licence
Féminin;Licence
Féminin;Licence
Masculin;Licence
Féminin;Licence
Féminin;Licence
Féminin;Licence
Féminin;Licence
Masculin;Licence
Féminin;Maîtrise
Féminin;Licence
Masculin;Maîtrise
Masculin;Licence
Masculin;Licence
Féminin;Licence
Masculin;Maîtrise
Masculin;Licence
Masculin;Licence
Masculin;Licence
Féminin;Maîtrise
Masculin;Licence
Masculin;Licence
Féminin;Licence
Masculin;Licence
Masculin;Licence
Féminin;Licence
Masculin;Licence
Masculin;Licence
Féminin;Licence
Masculin;Maîtrise
Masculin;Licence
Féminin;Licence
Féminin;Licence
Masculin;Licence
Masculin;Maîtrise
Masculin;Licence
Masculin;Licence
Masculin;Licence
Féminin;Licence
Masculin;Licence
Féminin;Licence
Féminin;Licence
Féminin;Licence
Féminin;Maîtrise
Féminin;Licence
Masculin;Maîtrise
Féminin;Licence
Masculin;Licence
Masculin;Licence
Masculin;Maîtrise
Masculin;Licence
Féminin;Licence
Féminin;Maîtrise
Féminin;Licence
Masculin;Licence
Masculin;Doctorat
Masculin;Licence
Féminin;Licence
Masculin;Licence
Féminin;Licence
Masculin;Maîtrise
Féminin;Licence
Masculin;Licence
Masculin;Licence
Masculin;Licence
Masculin;Doctorat
Féminin;Licence
Féminin;Maîtrise
Féminin;Maîtrise
Masculin;Licence
Masculin;Maîtrise
Masculin;Maîtrise
Masculin;Licence
Féminin;Maîtrise
Masculin;Licence
Masculin;Maîtrise
Masculin;Licence
Masculin;Licence
Masculin;Licence
Féminin;Licence
Féminin;Licence
Masculin;Licence
Féminin;Licence
Féminin;Licence
Féminin;Licence
Féminin;Licence
Masculin;Licence
Masculin;Licence
Masculin;Maîtrise
Féminin;Licence
Masculin;Licence
Féminin;Licence
Féminin;Licence
Féminin;Licence
Féminin;Maîtrise
Féminin;Licence
Masculin;Licence
Masculin;Licence
Masculin;Licence
Féminin;Licence
Féminin;Licence
Féminin;Licence
Masculin;Licence
Masculin;Licence
Féminin;Licence
Féminin;Doctorat
Masculin;Licence
Féminin;Maîtrise
Masculin;Licence
Féminin;Licence
Masculin;Licence
Féminin;Maîtrise
Masculin;Licence
Masculin;Doctorat
Féminin;Licence
Féminin;Licence
Masculin;Maîtrise
Masculin;Licence
Masculin;Licence
Masculin;Licence
Féminin;Licence
Féminin;Licence
Féminin;Licence
Masculin;Licence
Masculin;Licence
Masculin;Licence
Masculin;Licence
Masculin;Licence
Féminin;Licence
Féminin;Maîtrise
Masculin;Licence
Féminin;Licence
Féminin;Licence
Masculin;Maîtrise
Féminin;Licence
Masculin;Licence
Féminin;Licence
Masculin;Licence
Féminin;Maîtrise
Masculin;Licence
Masculin;Licence
Masculin;Maîtrise
Féminin;Licence
Masculin;Licence
Féminin;Licence
Masculin;Maîtrise
Masculin;Licence
Féminin;Licence
Féminin;Licence
Féminin;Maîtrise
Féminin;Licence
Féminin;Licence
Féminin;Licence
Masculin;Licence
Féminin;Maîtrise
Féminin;Licence
Masculin;Licence
Masculin;Licence
Masculin;Licence
Féminin;Licence
Féminin;Licence
Masculin;Licence
Masculin;Licence
Masculin;Maîtrise
Masculin;Maîtrise
Masculin;Licence
Féminin;Licence
Masculin;Licence
Féminin;Licence
Masculin;Licence
Masculin;Licence
Masculin;Maîtrise
Masculin;Licence
Masculin;Licence
Masculin;Licence
Féminin;Licence
Féminin;Licence
Féminin;Maîtrise
Masculin;Licence
Masculin;Maîtrise
Féminin;Licence
Masculin;Licence
Féminin;Licence
Masculin;Licence
Masculin;Maîtrise
Féminin;Licence
Féminin;Doctorat
Masculin;Licence
Féminin;Maîtrise
Masculin;Licence
Masculin;Licence
Masculin;Licence
Féminin;Doctorat
Féminin;Maîtrise
Masculin;Licence
Masculin;Maîtrise
Masculin;Licence
Féminin;Licence
Masculin;Maîtrise
Masculin;Maîtrise
Masculin;Licence
Masculin;Licence
Masculin;Licence
Masculin;Licence
Masculin;Licence
Masculin;Licence
